Type,X1,Y1,Rota,Scal,Comment
PZR,825.9999999999999,292.0,0.0,1.2,PZR
HP_v,534.0,12.0,0.0,1.0,HP_exchanger
Demi,156.0,15.0,90.0,0.7,Fillter1
Demi,158.0,81.99999999999999,90.0,0.7,Fillter2
Demi,14.0,236.0,0.0,1.0,Demi
VCT,54.0,350.0,0.0,1.0,VCT
