Nub,Type,X1,Y1,Rota,Scal,Comment
86,VCT,54.0,350.0,0,1.0,VCT
87,Demi,13.0,240.0,0,1.0,Demi
88,Demi,158.0,81.99999999999999,90,0.7,Fillter2
89,Demi,156.0,15.0,90,0.7,Fillter1
90,HP_v,534.0,12.0,0,1.0,HP_exchanger
91,PZR,825.9999999999999,292.0,0,1.2,PZR